{"name":"f6d472d1-6324-4823-9e1d-a419a2727a64","id":"/providers/Microsoft.Flow/flows/f6d472d1-6324-4823-9e1d-a419a2727a64","type":"Microsoft.Flow/flows","properties":{"apiId":"/providers/Microsoft.PowerApps/apis/shared_logicflows","displayName":"Batch Completion Notification","definition":{"metadata":{"workflowEntityId":null,"flowclientsuspensionreason":"None","flowclientsuspensiontime":null,"creator":{"id":"8b7af4ec-bbf0-4cf6-bdf6-4616bdf6d20e","type":"User","tenantId":"807e6da4-8442-4189-a596-4f6b03482b99"},"provisioningMethod":"FromDefinition","failureAlertSubscription":true,"clientLastModifiedTime":"2020-11-19T21:08:52.7985134Z"},"$schema":"https://schema.management.azure.com/providers/Microsoft.Logic/schemas/2016-06-01/workflowdefinition.json#","contentVersion":"1.0.0.0","parameters":{"$connections":{"defaultValue":{},"type":"Object"},"$authentication":{"defaultValue":{},"type":"SecureObject"}},"triggers":{"When_there_are_messages_in_a_queue":{"recurrence":{"frequency":"Minute","interval":1},"splitOn":"@triggerOutputs()?['body/QueueMessagesList/QueueMessage']","type":"OpenApiConnection","inputs":{"host":{"apiId":"/providers/Microsoft.PowerApps/apis/shared_azurequeues","connectionName":"shared_azurequeues","operationId":"OnMessages"},"parameters":{"queueName":"teamsonlycompleted"},"authentication":"@parameters('$authentication')"}}},"actions":{"Parse_JSON":{"runAfter":{"Initialize_variable":["Succeeded"]},"type":"ParseJson","inputs":{"content":"@triggerOutputs()?['body/MessageText']","schema":{"type":"object","properties":{"Id":{"type":"string"},"Result":{"type":"string"},"State":{"type":"string"}}}}},"Condition":{"actions":{"Post_a_message_as_the_Flow_bot_to_a_user":{"runAfter":{},"type":"OpenApiConnection","inputs":{"host":{"apiId":"/providers/Microsoft.PowerApps/apis/shared_teams","connectionName":"shared_teams","operationId":"PostUserNotification"},"parameters":{"PostNotificationRequest/recipient/to":"@{body('Parse_JSON')?['Id']};","PostNotificationRequest/messageBody":"Your migration to TeamsOnly mode is complete. Enjoy!","PostNotificationRequest/recipient/isAlert":true},"authentication":"@parameters('$authentication')"}}},"runAfter":{"Parse_JSON":["Succeeded"]},"else":{"actions":{"Post_a_message_as_the_Flow_bot_to_a_user_2":{"runAfter":{},"type":"OpenApiConnection","inputs":{"host":{"apiId":"/providers/Microsoft.PowerApps/apis/shared_teams","connectionName":"shared_teams","operationId":"PostUserNotification"},"parameters":{"PostNotificationRequest/recipient/to":"@{variables('Admin')};","PostNotificationRequest/messageBody":"The TeamsOnly mode update for @{body('Parse_JSON')?['Id']} was not successful. ","PostNotificationRequest/recipient/isAlert":true},"authentication":"@parameters('$authentication')"}}}},"expression":{"equals":["@body('Parse_JSON')?['Result']","Success"]},"type":"If"},"Initialize_variable":{"runAfter":{},"type":"InitializeVariable","inputs":{"variables":[{"name":"Admin","type":"string","value":"admin@teams4.me"}]}}}},"connectionReferences":{"shared_azurequeues":{"connectionName":"c9f648ae63384530b2efaa478b9c2532","source":"Embedded","id":"/providers/Microsoft.PowerApps/apis/shared_azurequeues","tier":"NotSpecified"},"shared_teams":{"connectionName":"67515e7bd4a24f598a8181e7053b783c","source":"Embedded","id":"/providers/Microsoft.PowerApps/apis/shared_teams","tier":"NotSpecified"}},"flowFailureAlertSubscribed":false}}