{"name":"f208d02e-9106-411a-8763-68ac4899fe17","id":"/providers/Microsoft.Flow/flows/f208d02e-9106-411a-8763-68ac4899fe17","type":"Microsoft.Flow/flows","properties":{"apiId":"/providers/Microsoft.PowerApps/apis/shared_logicflows","displayName":"Begin Migrate To Teams Only","definition":{"metadata":{"workflowEntityId":null,"flowclientsuspensionreason":"None","flowclientsuspensiontime":null,"creator":{"id":"8b7af4ec-bbf0-4cf6-bdf6-4616bdf6d20e","type":"User","tenantId":"807e6da4-8442-4189-a596-4f6b03482b99"},"provisioningMethod":"FromDefinition","failureAlertSubscription":true,"clientLastModifiedTime":"2020-11-19T21:03:18.6232218Z"},"$schema":"https://schema.management.azure.com/providers/Microsoft.Logic/schemas/2016-06-01/workflowdefinition.json#","contentVersion":"1.0.0.0","parameters":{"$connections":{"defaultValue":{},"type":"Object"},"$authentication":{"defaultValue":{},"type":"SecureObject"}},"triggers":{"manual":{"type":"Request","kind":"PowerApp","inputs":{"schema":{"type":"object","properties":{"Getmanager(V2)_User(UPN)":{"type":"string","description":"User principal name or email id","x-ms-powerflows-param-ispartial":false}},"required":["Getmanager(V2)_User(UPN)"]}}}},"actions":{"Get_Requestors_Manager":{"runAfter":{},"type":"OpenApiConnection","inputs":{"host":{"apiId":"/providers/Microsoft.PowerApps/apis/shared_office365users","connectionName":"shared_office365users","operationId":"Manager_V2"},"parameters":{"id":"@triggerBody()['Getmanager(V2)_User(UPN)']"},"authentication":{"value":"@json(decodeBase64(triggerOutputs().headers['X-MS-APIM-Tokens']))['$ConnectionKey']","type":"Raw"}}},"Start_and_wait_for_an_approval":{"runAfter":{"Get_Requestors_Manager":["Succeeded"]},"type":"OpenApiConnectionWebhook","inputs":{"host":{"apiId":"/providers/Microsoft.PowerApps/apis/shared_approvals","connectionName":"shared_approvals","operationId":"StartAndWaitForAnApproval"},"parameters":{"approvalType":"BasicAwaitAll","WebhookApprovalCreationInput/title":"APPROVAL REQUIRED: Teams upgrade for @{triggerBody()['Getmanager(V2)_User(UPN)']}","WebhookApprovalCreationInput/assignedTo":"@{outputs('Get_Requestors_Manager')?['body/mail']};","WebhookApprovalCreationInput/details":"APPROVAL REQUIRED: Teams upgrade for @{triggerBody()['Getmanager(V2)_User(UPN)']}","WebhookApprovalCreationInput/enableNotifications":true,"WebhookApprovalCreationInput/enableReassignment":true},"authentication":{"value":"@json(decodeBase64(triggerOutputs().headers['X-MS-APIM-Tokens']))['$ConnectionKey']","type":"Raw"}}},"If_Approved":{"actions":{"Queue_User_for_Processing":{"runAfter":{},"type":"OpenApiConnection","inputs":{"host":{"apiId":"/providers/Microsoft.PowerApps/apis/shared_azurequeues","connectionName":"shared_azurequeues_1","operationId":"PutMessage"},"parameters":{"queueName":"teamsonlypending","message":"@triggerBody()['Getmanager(V2)_User(UPN)']"},"authentication":{"value":"@json(decodeBase64(triggerOutputs().headers['X-MS-APIM-Tokens']))['$ConnectionKey']","type":"Raw"}}}},"runAfter":{"Start_and_wait_for_an_approval":["Succeeded"]},"else":{"actions":{"Post_a_message_as_the_Flow_bot_to_a_user":{"runAfter":{},"type":"OpenApiConnection","inputs":{"host":{"apiId":"/providers/Microsoft.PowerApps/apis/shared_teams","connectionName":"shared_teams","operationId":"PostUserNotification"},"parameters":{"PostNotificationRequest/recipient/to":"@{triggerBody()['Getmanager(V2)_User(UPN)']};","PostNotificationRequest/messageBody":"Teams upgrade approval rejected","PostNotificationRequest/messageTitle":"Teams upgrade approval rejected"},"authentication":{"value":"@json(decodeBase64(triggerOutputs().headers['X-MS-APIM-Tokens']))['$ConnectionKey']","type":"Raw"}}}}},"expression":{"equals":["@outputs('Start_and_wait_for_an_approval')?['body/outcome']","Approve"]},"type":"If"}},"description":""},"connectionReferences":{"shared_office365users":{"connectionName":"82f95ace67a442b2a0d9717e6de70a7a","source":"Invoker","id":"/providers/Microsoft.PowerApps/apis/shared_office365users","tier":"NotSpecified"},"shared_approvals":{"connectionName":"d0f2675fedd24656ab3b19bcb6081eb1","source":"Invoker","id":"/providers/Microsoft.PowerApps/apis/shared_approvals","tier":"NotSpecified"},"shared_teams":{"connectionName":"67515e7bd4a24f598a8181e7053b783c","source":"Invoker","id":"/providers/Microsoft.PowerApps/apis/shared_teams","tier":"NotSpecified"},"shared_azurequeues_1":{"connectionName":"shared-azurequeues-90484c7e-93b1-4ce2-b7b7-3007-3c4dfb7b","source":"Invoker","id":"/providers/Microsoft.PowerApps/apis/shared_azurequeues","tier":"NotSpecified"}},"flowFailureAlertSubscribed":false}}